{"cameraMode":{"drawMode":0,"name":"Shaded","section":"Shading Mode"},"sceneLighting":true,"audioPlay":false,"sceneViewState":{"m_AlwaysRefresh":false,"showFog":true,"showSkybox":true,"showFlares":true,"showImageEffects":true,"showParticleSystems":true,"showVisualEffectGraphs":true,"m_FxEnabled":true},"in2DMode":false,"pivot":{"x":14.929659843444825,"y":20.44615936279297,"z":0.36278223991394045},"rotation":{"x":0.27240702509880068,"y":-0.2747870981693268,"z":0.08149653673171997,"w":0.9185172915458679},"size":11.032058715820313,"orthographic":false}